{"Best Accuracy":0.7920792079207921,"_runtime":16.905520189,"Train Loss":0.592432975769043,"Validation precision_macro":0.6748626373626374,"Validation accuracy":0.7326732673267327,"Validation recall_macro":0.6098035439137134,"Validation f1_macro":0.6256774609834742,"_wandb":{"runtime":17},"_step":184,"Validation f1_weighted":0.7116906896780204,"Confusion Matrix":{"sha256":"6819b9be1569f5657faeb5dbb3cbc6b62aa3935b13d647d74d235ba048a2f9c0","size":21653,"path":"media/images/Confusion Matrix_121_6819b9be1569f5657fae.png","format":"png","width":800,"height":600,"_type":"image-file"},"Validation Loss":0.8303351402282715,"Validation Accuracy":0.7326732673267327,"_timestamp":1.7443415976871314e+09}