{"Validation precision_macro":0.6748626373626374,"_wandb":{"runtime":22},"Validation f1_weighted":0.7116906896780204,"Train Loss":0.592432975769043,"Best Accuracy":0.7920792079207921,"Validation recall_macro":0.6098035439137134,"Validation accuracy":0.7326732673267327,"_timestamp":1.7443416317137156e+09,"Validation Loss":0.8303351402282715,"_step":184,"_runtime":21.228148858,"Validation Accuracy":0.7326732673267327,"Validation f1_macro":0.6256774609834742,"Confusion Matrix":{"height":600,"_type":"image-file","sha256":"6819b9be1569f5657faeb5dbb3cbc6b62aa3935b13d647d74d235ba048a2f9c0","size":21653,"path":"media/images/Confusion Matrix_121_6819b9be1569f5657fae.png","format":"png","width":800}}