{"_wandb":{"runtime":4},"_step":0,"Train Loss":1.3719756603240967,"_timestamp":1.7442849553391783e+09,"_runtime":3.019951466}