{"Validation Accuracy":0.7524752475247525,"Validation f1_weighted":0.7116292545285064,"Validation accuracy":0.7524752475247525,"_wandb":{"runtime":65},"_runtime":64.34476977,"Train Loss":0.15521250665187836,"Best Accuracy":0.8217821782178217,"Validation precision_macro":0.6085526315789473,"Confusion Matrix":{"format":"png","width":800,"height":600,"_type":"image-file","sha256":"9a7a8730c371c393004e90e2d3fc0f743b5fa5a0ad40ec478ff72797a9bbc24f","size":21030,"path":"media/images/Confusion Matrix_165_9a7a8730c371c393004e.png"},"Validation Loss":0.8012160020215171,"Validation recall_macro":0.5958590138674885,"_step":263,"_timestamp":1.7475535403764527e+09,"Validation f1_macro":0.5977735368956743}