{"Validation recall_macro":0.674826656394453,"Validation Accuracy":0.504950495049505,"Validation precision_macro":0.670743778280543,"Best Accuracy":0.7722772277227723,"_wandb":{"runtime":16},"Validation Loss":0.7666799128055573,"_timestamp":1.7440166487491581e+09,"Validation f1_weighted":0.5372539338798976,"Train Loss":0.26831868290901184,"Confusion Matrix":{"sha256":"a2ce344c1f7b4c73211c868ac876bb4ebe3b2ca92816bf18917e1e7c09ccfe8e","size":21271,"path":"media/images/Confusion Matrix_137_a2ce344c1f7b4c73211c.png","format":"png","width":800,"height":600,"_type":"image-file"},"_step":382,"Validation f1_macro":0.6018068060939448,"_runtime":16.767625359,"Validation accuracy":0.504950495049505}