{"Validation Loss":0.9106090664863586,"_runtime":22.340707172,"Validation recall_macro":0.5955508474576271,"_step":199,"_timestamp":1.7438679743797975e+09,"Confusion Matrix":{"format":"png","width":800,"height":600,"_type":"image-file","sha256":"f2f668f5756f0f12f5e8adec9c3d1f97ba1c4862de59400dc0aef9c1f26b29e5","size":21692,"path":"media/images/Confusion Matrix_192_f2f668f5756f0f12f5e8.png"},"Validation f1_macro":0.6248341441839894,"Validation f1_weighted":0.712442142047022,"Best Accuracy":0.801980198019802,"Train Loss":0.3933424949645996,"Validation accuracy":0.7425742574257426,"Validation precision_macro":0.7381917631917632,"_wandb":{"runtime":22},"Validation Accuracy":0.7425742574257426}