{"Validation precision_macro":0.7381917631917632,"Train Loss":0.3933424949645996,"_wandb":{"runtime":13},"_timestamp":1.7438675608680456e+09,"_step":199,"_runtime":12.919024871,"Validation accuracy":0.7425742574257426,"Validation Loss":0.9106090664863586,"Confusion Matrix":{"sha256":"f2f668f5756f0f12f5e8adec9c3d1f97ba1c4862de59400dc0aef9c1f26b29e5","size":21692,"path":"media/images/Confusion Matrix_192_f2f668f5756f0f12f5e8.png","format":"png","width":800,"height":600,"_type":"image-file"},"Best Accuracy":0.801980198019802,"Validation recall_macro":0.5955508474576271,"Validation Accuracy":0.7425742574257426,"Validation f1_weighted":0.712442142047022,"Validation f1_macro":0.6248341441839894}