{"Validation Accuracy":0.7920792079207921,"Best Accuracy":0.8217821782178217,"Validation f1_weighted":0.7620111424391458,"Validation recall_macro":0.6765408320493066,"Confusion Matrix":{"width":800,"height":600,"_type":"image-file","sha256":"2a7a688827cdb6cd7ed5d81912747b38240f8b9f7116d290ef229eb99deb4137","size":21397,"path":"media/images/Confusion Matrix_198_2a7a688827cdb6cd7ed5.png","format":"png"},"Validation precision_macro":0.6992835595776772,"_step":268,"Validation accuracy":0.7920792079207921,"_wandb":{"runtime":38},"Train Loss":0.47253137826919556,"_timestamp":1.744017511534797e+09,"_runtime":37.861805611,"Validation Loss":0.6409474611282349,"Validation f1_macro":0.6666685667669919}