{"_runtime":47.441665305,"Validation accuracy":0.7524752475247525,"Validation f1_macro":0.6613225276015974,"Validation Loss":0.6926480417068188,"Validation f1_weighted":0.7345874122295951,"Validation recall_macro":0.6367681047765793,"_step":204,"Confusion Matrix":{"path":"media/images/Confusion Matrix_113_274e1cfbd2b8ccde7f1f.png","format":"png","width":800,"height":600,"_type":"image-file","sha256":"274e1cfbd2b8ccde7f1f7cb5ad49dd9f52c01a7c917de6b94dfe64961f696005","size":21230},"_wandb":{"runtime":47},"Train Loss":0.17384254932403564,"Validation precision_macro":0.7133366633366633,"_timestamp":1.7443413880498726e+09,"Validation Accuracy":0.7524752475247525,"Best Accuracy":0.7920792079207921}