{"_wandb":{"runtime":8},"Train Loss":1.3719756603240967,"_timestamp":1.74426418446695e+09,"_runtime":7.490124915,"_step":0}