{"Validation Loss":0.8012160020215171,"Validation Accuracy":0.7524752475247525,"Validation f1_weighted":0.7116292545285064,"_step":263,"_runtime":64.638137554,"_wandb":{"runtime":65},"Validation recall_macro":0.5958590138674885,"Validation precision_macro":0.6085526315789473,"Confusion Matrix":{"sha256":"9a7a8730c371c393004e90e2d3fc0f743b5fa5a0ad40ec478ff72797a9bbc24f","size":21030,"path":"media/images/Confusion Matrix_165_9a7a8730c371c393004e.png","format":"png","width":800,"height":600,"_type":"image-file"},"Best Accuracy":0.8217821782178217,"_timestamp":1.7475563101885397e+09,"Train Loss":0.15521250665187836,"Validation accuracy":0.7524752475247525,"Validation f1_macro":0.5977735368956743}