{"_timestamp":1.7442852784995162e+09,"_wandb":{"runtime":4},"_runtime":4.301957696,"_step":0,"Train Loss":1.3787648677825928}