{"Validation f1_weighted":0.7620111424391458,"_timestamp":1.7440176240318897e+09,"Validation f1_macro":0.6666685667669919,"Best Accuracy":0.8217821782178217,"_step":268,"Train Loss":0.47253137826919556,"Validation precision_macro":0.6992835595776772,"_runtime":59.592932693,"Confusion Matrix":{"height":600,"_type":"image-file","sha256":"2a7a688827cdb6cd7ed5d81912747b38240f8b9f7116d290ef229eb99deb4137","size":21397,"path":"media/images/Confusion Matrix_198_2a7a688827cdb6cd7ed5.png","format":"png","width":800},"Validation Loss":0.6409474611282349,"_wandb":{"runtime":60},"Validation Accuracy":0.7920792079207921,"Validation accuracy":0.7920792079207921,"Validation recall_macro":0.6765408320493066}