{"Validation precision_macro":0.6728932373669216,"Train Loss":0.2120247185230255,"_timestamp":1.7440176870518954e+09,"_step":200,"_wandb":{"runtime":46},"Validation Loss":0.7713973350249804,"_runtime":45.875611711,"Validation Accuracy":0.7029702970297029,"Validation accuracy":0.7029702970297029,"Validation f1_macro":0.6765750105351875,"Confusion Matrix":{"path":"media/images/Confusion Matrix_137_d2bc985a5169a4b68f9e.png","format":"png","width":800,"height":600,"_type":"image-file","sha256":"d2bc985a5169a4b68f9ed107937247c4972e48b4af300b0417a35e7720719c80","size":20837},"Best Accuracy":0.7821782178217822,"Validation f1_weighted":0.7124496710100845,"Validation recall_macro":0.7060670261941449}